name,category,language,header,body,body_wati,samples,button_type,button_text,button_url,button_url_example
pp_otp_login_en,AUTHENTICATION,en,,{{1}} is your verification code. Do not share it with anyone.,{{code}} is your verification code. Do not share it with anyone.,{{1}} = 482913,Copy code,Copy code,,
pp_otp_login_hi,AUTHENTICATION,hi,,{{1}} आपका सत्यापन कोड है। इसे किसी के साथ साझा न करें।,{{code}} आपका सत्यापन कोड है। इसे किसी के साथ साझा न करें।,{{1}} = 482913,Copy code,Copy code,,
pp_otp_login_ta,AUTHENTICATION,ta,,{{1}} உங்கள் சரிபார்ப்புக் குறியீடு. இதை யாருடனும் பகிர வேண்டாம்.,{{code}} உங்கள் சரிபார்ப்புக் குறியீடு. இதை யாருடனும் பகிர வேண்டாம்.,{{1}} = 482913,Copy code,Copy code,,
pp_otp_login_te,AUTHENTICATION,te,,{{1}} మీ ధృవీకరణ కోడ్. దీన్ని ఎవరితోనూ పంచుకోవద్దు.,{{code}} మీ ధృవీకరణ కోడ్. దీన్ని ఎవరితోనూ పంచుకోవద్దు.,{{1}} = 482913,Copy code,Copy code,,
pp_booking_confirmed_en,UTILITY,en,,"Namaste {{1}}, your booking for {{2}} at {{3}} on {{4}} is confirmed. Package: {{5}}. Booking ID: {{6}}. The sankalp will be taken in the names you gave us.","Namaste {{name}}, your booking for {{puja}} at {{temple}} on {{datetime_ist}} is confirmed. Package: {{package}}. Booking ID: {{booking_code}}. The sankalp will be taken in the names you gave us.","{{1}} = Lakshmi | {{2}} = Rudrabhishekam | {{3}} = Sri Mallikarjuna Swamy Temple, Srisailam | {{4}} = 8 Oct 2026, 7:00 am IST | {{5}} = Individual | {{6}} = T38V8J",Visit website (dynamic URL),View booking,https://YOUR-DOMAIN.com/{{1}},https://YOUR-DOMAIN.com/en/account/bookings/3f2a9c1e-5b7d-4e2a-9c1e-5b7d4e2a9c1e
pp_booking_confirmed_hi,UTILITY,hi,,"नमस्ते {{1}}, {{3}} में {{4}} को होने वाली {{2}} की आपकी बुकिंग की पुष्टि हो गई है। पैकेज: {{5}}। बुकिंग आईडी: {{6}}। संकल्प आपके दिए गए नामों से लिया जाएगा।","नमस्ते {{name}}, {{temple}} में {{datetime_ist}} को होने वाली {{puja}} की आपकी बुकिंग की पुष्टि हो गई है। पैकेज: {{package}}। बुकिंग आईडी: {{booking_code}}। संकल्प आपके दिए गए नामों से लिया जाएगा।","{{1}} = Lakshmi | {{2}} = Rudrabhishekam | {{3}} = Sri Mallikarjuna Swamy Temple, Srisailam | {{4}} = 8 Oct 2026, 7:00 am IST | {{5}} = Individual | {{6}} = T38V8J",Visit website (dynamic URL),बुकिंग देखें,https://YOUR-DOMAIN.com/{{1}},https://YOUR-DOMAIN.com/hi/account/bookings/3f2a9c1e-5b7d-4e2a-9c1e-5b7d4e2a9c1e
pp_booking_confirmed_ta,UTILITY,ta,,"வணக்கம் {{1}}, {{3}} இல் {{4}} அன்று நடைபெறும் {{2}} க்கான உங்கள் முன்பதிவு உறுதி செய்யப்பட்டது. தொகுப்பு: {{5}}. முன்பதிவு எண்: {{6}}. நீங்கள் கொடுத்த பெயர்களில் சங்கல்பம் செய்யப்படும்.","வணக்கம் {{name}}, {{temple}} இல் {{datetime_ist}} அன்று நடைபெறும் {{puja}} க்கான உங்கள் முன்பதிவு உறுதி செய்யப்பட்டது. தொகுப்பு: {{package}}. முன்பதிவு எண்: {{booking_code}}. நீங்கள் கொடுத்த பெயர்களில் சங்கல்பம் செய்யப்படும்.","{{1}} = Lakshmi | {{2}} = Rudrabhishekam | {{3}} = Sri Mallikarjuna Swamy Temple, Srisailam | {{4}} = 8 Oct 2026, 7:00 am IST | {{5}} = Individual | {{6}} = T38V8J",Visit website (dynamic URL),முன்பதிவைக் காண்க,https://YOUR-DOMAIN.com/{{1}},https://YOUR-DOMAIN.com/ta/account/bookings/3f2a9c1e-5b7d-4e2a-9c1e-5b7d4e2a9c1e
pp_booking_confirmed_te,UTILITY,te,,"నమస్తే {{1}}, {{3}}లో {{4}}న జరిగే {{2}} కోసం మీ బుకింగ్ నిర్ధారించబడింది. ప్యాకేజీ: {{5}}. బుకింగ్ ఐడి: {{6}}. మీరు ఇచ్చిన పేర్లతో సంకల్పం చేయబడుతుంది.","నమస్తే {{name}}, {{temple}}లో {{datetime_ist}}న జరిగే {{puja}} కోసం మీ బుకింగ్ నిర్ధారించబడింది. ప్యాకేజీ: {{package}}. బుకింగ్ ఐడి: {{booking_code}}. మీరు ఇచ్చిన పేర్లతో సంకల్పం చేయబడుతుంది.","{{1}} = Lakshmi | {{2}} = Rudrabhishekam | {{3}} = Sri Mallikarjuna Swamy Temple, Srisailam | {{4}} = 8 Oct 2026, 7:00 am IST | {{5}} = Individual | {{6}} = T38V8J",Visit website (dynamic URL),బుకింగ్ చూడండి,https://YOUR-DOMAIN.com/{{1}},https://YOUR-DOMAIN.com/te/account/bookings/3f2a9c1e-5b7d-4e2a-9c1e-5b7d4e2a9c1e
pp_payment_link_en,UTILITY,en,,"Namaste {{1}}, here is the payment link for {{2}}. Amount: {{3}}. The link is valid until {{4}}. Thank you.","Namaste {{name}}, here is the payment link for {{puja}}. Amount: {{amount}}. The link is valid until {{expiry}}. Thank you.",{{1}} = Lakshmi | {{2}} = Rudrabhishekam | {{3}} = ₹501 | {{4}} = 30 minutes,Visit website (dynamic URL),Pay now,https://YOUR-DOMAIN.com/{{1}},https://YOUR-DOMAIN.com/en/checkout/3f2a9c1e-5b7d-4e2a-9c1e-5b7d4e2a9c1e
pp_payment_link_hi,UTILITY,hi,,"नमस्ते {{1}}, {{2}} के लिए भुगतान लिंक यह है। राशि: {{3}}। लिंक {{4}} तक मान्य है।","नमस्ते {{name}}, {{puja}} के लिए भुगतान लिंक यह है। राशि: {{amount}}। लिंक {{expiry}} तक मान्य है।",{{1}} = Lakshmi | {{2}} = Rudrabhishekam | {{3}} = ₹501 | {{4}} = 30 minutes,Visit website (dynamic URL),अभी भुगतान करें,https://YOUR-DOMAIN.com/{{1}},https://YOUR-DOMAIN.com/hi/checkout/3f2a9c1e-5b7d-4e2a-9c1e-5b7d4e2a9c1e
pp_payment_link_ta,UTILITY,ta,,"வணக்கம் {{1}}, {{2}} க்கான கட்டண இணைப்பு இதோ. தொகை: {{3}}. இந்த இணைப்பு {{4}} வரை செல்லுபடியாகும்.","வணக்கம் {{name}}, {{puja}} க்கான கட்டண இணைப்பு இதோ. தொகை: {{amount}}. இந்த இணைப்பு {{expiry}} வரை செல்லுபடியாகும்.",{{1}} = Lakshmi | {{2}} = Rudrabhishekam | {{3}} = ₹501 | {{4}} = 30 minutes,Visit website (dynamic URL),இப்போது செலுத்துக,https://YOUR-DOMAIN.com/{{1}},https://YOUR-DOMAIN.com/ta/checkout/3f2a9c1e-5b7d-4e2a-9c1e-5b7d4e2a9c1e
pp_payment_link_te,UTILITY,te,,"నమస్తే {{1}}, {{2}} కోసం చెల్లింపు లింక్ ఇదిగో. మొత్తం: {{3}}. ఈ లింక్ {{4}} వరకు చెల్లుతుంది.","నమస్తే {{name}}, {{puja}} కోసం చెల్లింపు లింక్ ఇదిగో. మొత్తం: {{amount}}. ఈ లింక్ {{expiry}} వరకు చెల్లుతుంది.",{{1}} = Lakshmi | {{2}} = Rudrabhishekam | {{3}} = ₹501 | {{4}} = 30 minutes,Visit website (dynamic URL),ఇప్పుడే చెల్లించండి,https://YOUR-DOMAIN.com/{{1}},https://YOUR-DOMAIN.com/te/checkout/3f2a9c1e-5b7d-4e2a-9c1e-5b7d4e2a9c1e
pp_puja_reminder_en,UTILITY,en,,"Namaste {{1}}, a reminder that {{2}} at {{3}} is scheduled for {{4}}. The sankalp will include the names in your booking.","Namaste {{name}}, a reminder that {{puja}} at {{temple}} is scheduled for {{datetime_ist}}. The sankalp will include the names in your booking.","{{1}} = Lakshmi | {{2}} = Rudrabhishekam | {{3}} = Sri Mallikarjuna Swamy Temple, Srisailam | {{4}} = 8 Oct 2026, 7:00 am IST",,,,
pp_puja_reminder_hi,UTILITY,hi,,"नमस्ते {{1}}, याद दिला दें कि {{3}} में {{2}} {{4}} को निर्धारित है। संकल्प में आपकी बुकिंग के नाम शामिल होंगे।","नमस्ते {{name}}, याद दिला दें कि {{temple}} में {{puja}} {{datetime_ist}} को निर्धारित है। संकल्प में आपकी बुकिंग के नाम शामिल होंगे।","{{1}} = Lakshmi | {{2}} = Rudrabhishekam | {{3}} = Sri Mallikarjuna Swamy Temple, Srisailam | {{4}} = 8 Oct 2026, 7:00 am IST",,,,
pp_puja_reminder_ta,UTILITY,ta,,"வணக்கம் {{1}}, {{3}} இல் {{2}} {{4}} அன்று நடைபெறவுள்ளது என்பதை நினைவூட்டுகிறோம். சங்கல்பத்தில் உங்கள் முன்பதிவில் உள்ள பெயர்கள் சேர்க்கப்படும்.","வணக்கம் {{name}}, {{temple}} இல் {{puja}} {{datetime_ist}} அன்று நடைபெறவுள்ளது என்பதை நினைவூட்டுகிறோம். சங்கல்பத்தில் உங்கள் முன்பதிவில் உள்ள பெயர்கள் சேர்க்கப்படும்.","{{1}} = Lakshmi | {{2}} = Rudrabhishekam | {{3}} = Sri Mallikarjuna Swamy Temple, Srisailam | {{4}} = 8 Oct 2026, 7:00 am IST",,,,
pp_puja_reminder_te,UTILITY,te,,"నమస్తే {{1}}, {{3}}లో {{2}} {{4}}న జరగనుందని గుర్తు చేస్తున్నాము. సంకల్పంలో మీ బుకింగ్‌లోని పేర్లు ఉంటాయి.","నమస్తే {{name}}, {{temple}}లో {{puja}} {{datetime_ist}}న జరగనుందని గుర్తు చేస్తున్నాము. సంకల్పంలో మీ బుకింగ్‌లోని పేర్లు ఉంటాయి.","{{1}} = Lakshmi | {{2}} = Rudrabhishekam | {{3}} = Sri Mallikarjuna Swamy Temple, Srisailam | {{4}} = 8 Oct 2026, 7:00 am IST",,,,
pp_puja_started_en,UTILITY,en,,Update: {{1}} has begun at {{2}}. The priests are now taking the sankalp.,Update: {{puja}} has begun at {{temple}}. The priests are now taking the sankalp.,"{{1}} = Rudrabhishekam | {{2}} = Sri Mallikarjuna Swamy Temple, Srisailam",,,,
pp_puja_started_hi,UTILITY,hi,,सूचना: {{2}} में {{1}} आरंभ हो गई है। पुजारी अब संकल्प ले रहे हैं।,सूचना: {{temple}} में {{puja}} आरंभ हो गई है। पुजारी अब संकल्प ले रहे हैं।,"{{1}} = Rudrabhishekam | {{2}} = Sri Mallikarjuna Swamy Temple, Srisailam",,,,
pp_puja_started_ta,UTILITY,ta,,அறிவிப்பு: {{2}} இல் {{1}} தொடங்கியது. அர்ச்சகர்கள் இப்போது சங்கல்பம் செய்கிறார்கள்.,அறிவிப்பு: {{temple}} இல் {{puja}} தொடங்கியது. அர்ச்சகர்கள் இப்போது சங்கல்பம் செய்கிறார்கள்.,"{{1}} = Rudrabhishekam | {{2}} = Sri Mallikarjuna Swamy Temple, Srisailam",,,,
pp_puja_started_te,UTILITY,te,,సమాచారం: {{2}}లో {{1}} ప్రారంభమైంది. పూజారులు ఇప్పుడు సంకల్పం చేస్తున్నారు.,సమాచారం: {{temple}}లో {{puja}} ప్రారంభమైంది. పూజారులు ఇప్పుడు సంకల్పం చేస్తున్నారు.,"{{1}} = Rudrabhishekam | {{2}} = Sri Mallikarjuna Swamy Temple, Srisailam",,,,
pp_proof_video_en,UTILITY,en,VIDEO (sample: any short .mp4 under 16 MB),"Namaste {{1}}, {{2}} at {{3}} was performed on {{4}}. Your sankalp clip is above. Tap below for the full ritual video and photos.","Namaste {{name}}, {{puja}} at {{temple}} was performed on {{date}}. Your sankalp clip is above. Tap below for the full ritual video and photos.","{{1}} = Lakshmi | {{2}} = Rudrabhishekam | {{3}} = Sri Mallikarjuna Swamy Temple, Srisailam | {{4}} = 8 Oct 2026",Visit website (dynamic URL),Watch full video,https://YOUR-DOMAIN.com/{{1}},https://YOUR-DOMAIN.com/en/proof/Xk3n9QpL2mZ8
pp_proof_video_hi,UTILITY,hi,VIDEO (sample: any short .mp4 under 16 MB),"नमस्ते {{1}}, {{3}} में {{2}} {{4}} को संपन्न हुई। आपका संकल्प क्लिप ऊपर है। पूरे अनुष्ठान का वीडियो और फ़ोटो देखने के लिए नीचे टैप करें।","नमस्ते {{name}}, {{temple}} में {{puja}} {{date}} को संपन्न हुई। आपका संकल्प क्लिप ऊपर है। पूरे अनुष्ठान का वीडियो और फ़ोटो देखने के लिए नीचे टैप करें।","{{1}} = Lakshmi | {{2}} = Rudrabhishekam | {{3}} = Sri Mallikarjuna Swamy Temple, Srisailam | {{4}} = 8 Oct 2026",Visit website (dynamic URL),पूरा वीडियो देखें,https://YOUR-DOMAIN.com/{{1}},https://YOUR-DOMAIN.com/hi/proof/Xk3n9QpL2mZ8
pp_proof_video_ta,UTILITY,ta,VIDEO (sample: any short .mp4 under 16 MB),"வணக்கம் {{1}}, {{3}} இல் {{2}} {{4}} அன்று நடைபெற்றது. உங்கள் சங்கல்பக் காணொளி மேலே உள்ளது. முழு சடங்குக் காணொளி மற்றும் புகைப்படங்களுக்குக் கீழே தட்டவும்.","வணக்கம் {{name}}, {{temple}} இல் {{puja}} {{date}} அன்று நடைபெற்றது. உங்கள் சங்கல்பக் காணொளி மேலே உள்ளது. முழு சடங்குக் காணொளி மற்றும் புகைப்படங்களுக்குக் கீழே தட்டவும்.","{{1}} = Lakshmi | {{2}} = Rudrabhishekam | {{3}} = Sri Mallikarjuna Swamy Temple, Srisailam | {{4}} = 8 Oct 2026",Visit website (dynamic URL),முழு காணொளி,https://YOUR-DOMAIN.com/{{1}},https://YOUR-DOMAIN.com/ta/proof/Xk3n9QpL2mZ8
pp_proof_video_te,UTILITY,te,VIDEO (sample: any short .mp4 under 16 MB),"నమస్తే {{1}}, {{3}}లో {{2}} {{4}}న నిర్వహించబడింది. మీ సంకల్ప క్లిప్ పైన ఉంది. పూర్తి పూజ వీడియో మరియు ఫోటోల కోసం క్రింద నొక్కండి.","నమస్తే {{name}}, {{temple}}లో {{puja}} {{date}}న నిర్వహించబడింది. మీ సంకల్ప క్లిప్ పైన ఉంది. పూర్తి పూజ వీడియో మరియు ఫోటోల కోసం క్రింద నొక్కండి.","{{1}} = Lakshmi | {{2}} = Rudrabhishekam | {{3}} = Sri Mallikarjuna Swamy Temple, Srisailam | {{4}} = 8 Oct 2026",Visit website (dynamic URL),పూర్తి వీడియో చూడండి,https://YOUR-DOMAIN.com/{{1}},https://YOUR-DOMAIN.com/te/proof/Xk3n9QpL2mZ8
pp_proof_delayed_en,UTILITY,en,,We are sorry: the video for {{1}} is taking longer than promised. We now expect to send it by {{2}}. Thank you.,We are sorry: the video for {{puja}} is taking longer than promised. We now expect to send it by {{new_eta}}. Thank you.,{{1}} = Rudrabhishekam | {{2}} = 10 Oct 2026,,,,
pp_proof_delayed_hi,UTILITY,hi,,क्षमा करें: {{1}} का वीडियो वादे से अधिक समय ले रहा है। अब हम इसे {{2}} तक भेजने की उम्मीद करते हैं।,क्षमा करें: {{puja}} का वीडियो वादे से अधिक समय ले रहा है। अब हम इसे {{new_eta}} तक भेजने की उम्मीद करते हैं।,{{1}} = Rudrabhishekam | {{2}} = 10 Oct 2026,,,,
pp_proof_delayed_ta,UTILITY,ta,,மன்னிக்கவும்: {{1}} இன் காணொளி உறுதியளித்ததை விட தாமதமாகிறது. {{2}} க்குள் அனுப்புவோம் என எதிர்பார்க்கிறோம்.,மன்னிக்கவும்: {{puja}} இன் காணொளி உறுதியளித்ததை விட தாமதமாகிறது. {{new_eta}} க்குள் அனுப்புவோம் என எதிர்பார்க்கிறோம்.,{{1}} = Rudrabhishekam | {{2}} = 10 Oct 2026,,,,
pp_proof_delayed_te,UTILITY,te,,క్షమించండి: {{1}} వీడియో చెప్పిన సమయం కంటే ఆలస్యమవుతోంది. {{2}} లోపు పంపుతామని ఆశిస్తున్నాము.,క్షమించండి: {{puja}} వీడియో చెప్పిన సమయం కంటే ఆలస్యమవుతోంది. {{new_eta}} లోపు పంపుతామని ఆశిస్తున్నాము.,{{1}} = Rudrabhishekam | {{2}} = 10 Oct 2026,,,,
pp_prasad_shipped_en,UTILITY,en,,The prasad from {{1}} has been shipped with {{2}}. Tracking number: {{3}}. Thank you.,The prasad from {{puja}} has been shipped with {{courier}}. Tracking number: {{awb}}. Thank you.,{{1}} = Rudrabhishekam | {{2}} = Delhivery | {{3}} = 1234567890,Visit website (dynamic URL),Track prasad,https://YOUR-DOMAIN.com/{{1}},https://YOUR-DOMAIN.com/en/account/bookings/3f2a9c1e-5b7d-4e2a-9c1e-5b7d4e2a9c1e
pp_prasad_shipped_hi,UTILITY,hi,,सूचना: {{1}} का प्रसाद {{2}} से भेज दिया गया है। ट्रैकिंग नंबर: {{3}}। धन्यवाद।,सूचना: {{puja}} का प्रसाद {{courier}} से भेज दिया गया है। ट्रैकिंग नंबर: {{awb}}। धन्यवाद।,{{1}} = Rudrabhishekam | {{2}} = Delhivery | {{3}} = 1234567890,Visit website (dynamic URL),प्रसाद ट्रैक करें,https://YOUR-DOMAIN.com/{{1}},https://YOUR-DOMAIN.com/hi/account/bookings/3f2a9c1e-5b7d-4e2a-9c1e-5b7d4e2a9c1e
pp_prasad_shipped_ta,UTILITY,ta,,அறிவிப்பு: {{1}} இன் பிரசாதம் {{2}} மூலம் அனுப்பப்பட்டது. கண்காணிப்பு எண்: {{3}}. நன்றி.,அறிவிப்பு: {{puja}} இன் பிரசாதம் {{courier}} மூலம் அனுப்பப்பட்டது. கண்காணிப்பு எண்: {{awb}}. நன்றி.,{{1}} = Rudrabhishekam | {{2}} = Delhivery | {{3}} = 1234567890,Visit website (dynamic URL),பிரசாதத்தைக் கண்காணி,https://YOUR-DOMAIN.com/{{1}},https://YOUR-DOMAIN.com/ta/account/bookings/3f2a9c1e-5b7d-4e2a-9c1e-5b7d4e2a9c1e
pp_prasad_shipped_te,UTILITY,te,,సమాచారం: {{1}} ప్రసాదం {{2}} ద్వారా పంపబడింది. ట్రాకింగ్ నంబర్: {{3}}. ధన్యవాదాలు.,సమాచారం: {{puja}} ప్రసాదం {{courier}} ద్వారా పంపబడింది. ట్రాకింగ్ నంబర్: {{awb}}. ధన్యవాదాలు.,{{1}} = Rudrabhishekam | {{2}} = Delhivery | {{3}} = 1234567890,Visit website (dynamic URL),ప్రసాదం ట్రాక్,https://YOUR-DOMAIN.com/{{1}},https://YOUR-DOMAIN.com/te/account/bookings/3f2a9c1e-5b7d-4e2a-9c1e-5b7d4e2a9c1e
pp_prasad_out_for_delivery_en,UTILITY,en,,Your prasad is out for delivery today with {{1}}. Tracking number: {{2}}. Thank you.,Your prasad is out for delivery today with {{courier}}. Tracking number: {{awb}}. Thank you.,{{1}} = Delhivery | {{2}} = 1234567890,Visit website (dynamic URL),Track prasad,https://YOUR-DOMAIN.com/{{1}},https://YOUR-DOMAIN.com/en/account/bookings/3f2a9c1e-5b7d-4e2a-9c1e-5b7d4e2a9c1e
pp_prasad_out_for_delivery_hi,UTILITY,hi,,आपका प्रसाद आज {{1}} द्वारा डिलीवरी के लिए निकला है। ट्रैकिंग नंबर: {{2}}। धन्यवाद।,आपका प्रसाद आज {{courier}} द्वारा डिलीवरी के लिए निकला है। ट्रैकिंग नंबर: {{awb}}। धन्यवाद।,{{1}} = Delhivery | {{2}} = 1234567890,Visit website (dynamic URL),प्रसाद ट्रैक करें,https://YOUR-DOMAIN.com/{{1}},https://YOUR-DOMAIN.com/hi/account/bookings/3f2a9c1e-5b7d-4e2a-9c1e-5b7d4e2a9c1e
pp_prasad_out_for_delivery_ta,UTILITY,ta,,உங்கள் பிரசாதம் இன்று {{1}} மூலம் டெலிவரிக்கு வெளியே உள்ளது. கண்காணிப்பு எண்: {{2}}. நன்றி.,உங்கள் பிரசாதம் இன்று {{courier}} மூலம் டெலிவரிக்கு வெளியே உள்ளது. கண்காணிப்பு எண்: {{awb}}. நன்றி.,{{1}} = Delhivery | {{2}} = 1234567890,Visit website (dynamic URL),பிரசாதத்தைக் கண்காணி,https://YOUR-DOMAIN.com/{{1}},https://YOUR-DOMAIN.com/ta/account/bookings/3f2a9c1e-5b7d-4e2a-9c1e-5b7d4e2a9c1e
pp_prasad_out_for_delivery_te,UTILITY,te,,మీ ప్రసాదం ఈరోజు {{1}} ద్వారా డెలివరీకి బయలుదేరింది. ట్రాకింగ్ నంబర్: {{2}}. ధన్యవాదాలు.,మీ ప్రసాదం ఈరోజు {{courier}} ద్వారా డెలివరీకి బయలుదేరింది. ట్రాకింగ్ నంబర్: {{awb}}. ధన్యవాదాలు.,{{1}} = Delhivery | {{2}} = 1234567890,Visit website (dynamic URL),ప్రసాదం ట్రాక్,https://YOUR-DOMAIN.com/{{1}},https://YOUR-DOMAIN.com/te/account/bookings/3f2a9c1e-5b7d-4e2a-9c1e-5b7d4e2a9c1e
pp_prasad_delivered_en,UTILITY,en,,The prasad from {{1}} has been delivered.,The prasad from {{puja}} has been delivered.,{{1}} = Rudrabhishekam,,,,
pp_prasad_delivered_hi,UTILITY,hi,,सूचना: {{1}} का प्रसाद पहुँचा दिया गया है।,सूचना: {{puja}} का प्रसाद पहुँचा दिया गया है।,{{1}} = Rudrabhishekam,,,,
pp_prasad_delivered_ta,UTILITY,ta,,அறிவிப்பு: {{1}} இன் பிரசாதம் வழங்கப்பட்டது.,அறிவிப்பு: {{puja}} இன் பிரசாதம் வழங்கப்பட்டது.,{{1}} = Rudrabhishekam,,,,
pp_prasad_delivered_te,UTILITY,te,,సమాచారం: {{1}} ప్రసాదం అందజేయబడింది.,సమాచారం: {{puja}} ప్రసాదం అందజేయబడింది.,{{1}} = Rudrabhishekam,,,,
pp_booking_cancelled_en,UTILITY,en,,Your booking {{2}} for {{1}} has been cancelled. Refund amount: {{3}}. Thank you.,Your booking {{booking_code}} for {{puja}} has been cancelled. Refund amount: {{refund_amount}}. Thank you.,{{1}} = Rudrabhishekam | {{2}} = T38V8J | {{3}} = ₹501,,,,
pp_booking_cancelled_hi,UTILITY,hi,,सूचना: {{1}} के लिए आपकी बुकिंग {{2}} रद्द कर दी गई है। रिफ़ंड राशि: {{3}}। धन्यवाद।,सूचना: {{puja}} के लिए आपकी बुकिंग {{booking_code}} रद्द कर दी गई है। रिफ़ंड राशि: {{refund_amount}}। धन्यवाद।,{{1}} = Rudrabhishekam | {{2}} = T38V8J | {{3}} = ₹501,,,,
pp_booking_cancelled_ta,UTILITY,ta,,அறிவிப்பு: {{1}} க்கான உங்கள் முன்பதிவு {{2}} ரத்து செய்யப்பட்டது. திருப்பித் தரப்படும் தொகை: {{3}}. நன்றி.,அறிவிப்பு: {{puja}} க்கான உங்கள் முன்பதிவு {{booking_code}} ரத்து செய்யப்பட்டது. திருப்பித் தரப்படும் தொகை: {{refund_amount}}. நன்றி.,{{1}} = Rudrabhishekam | {{2}} = T38V8J | {{3}} = ₹501,,,,
pp_booking_cancelled_te,UTILITY,te,,సమాచారం: {{1}} కోసం మీ బుకింగ్ {{2}} రద్దు చేయబడింది. రీఫండ్ మొత్తం: {{3}}. ధన్యవాదాలు.,సమాచారం: {{puja}} కోసం మీ బుకింగ్ {{booking_code}} రద్దు చేయబడింది. రీఫండ్ మొత్తం: {{refund_amount}}. ధన్యవాదాలు.,{{1}} = Rudrabhishekam | {{2}} = T38V8J | {{3}} = ₹501,,,,
pp_refund_processed_en,UTILITY,en,,A refund of {{1}} has been processed to your original payment method. Reference: {{2}}. It usually reaches you in {{3}} working days.,A refund of {{amount}} has been processed to your original payment method. Reference: {{reference}}. It usually reaches you in {{expected_days}} working days.,{{1}} = ₹501 | {{2}} = rfnd_9XyZ12 | {{3}} = 5-7,,,,
pp_refund_processed_hi,UTILITY,hi,,सूचना: {{1}} का रिफ़ंड आपके मूल भुगतान माध्यम पर कर दिया गया है। संदर्भ: {{2}}। यह आमतौर पर {{3}} कार्यदिवसों में पहुँचता है।,सूचना: {{amount}} का रिफ़ंड आपके मूल भुगतान माध्यम पर कर दिया गया है। संदर्भ: {{reference}}। यह आमतौर पर {{expected_days}} कार्यदिवसों में पहुँचता है।,{{1}} = ₹501 | {{2}} = rfnd_9XyZ12 | {{3}} = 5-7,,,,
pp_refund_processed_ta,UTILITY,ta,,"அறிவிப்பு: {{1}} திருப்பித் தரப்பட்டது, உங்கள் அசல் கட்டண முறைக்கு. குறிப்பு: {{2}}. இது வழக்கமாக {{3}} வேலை நாட்களில் வந்து சேரும்.","அறிவிப்பு: {{amount}} திருப்பித் தரப்பட்டது, உங்கள் அசல் கட்டண முறைக்கு. குறிப்பு: {{reference}}. இது வழக்கமாக {{expected_days}} வேலை நாட்களில் வந்து சேரும்.",{{1}} = ₹501 | {{2}} = rfnd_9XyZ12 | {{3}} = 5-7,,,,
pp_refund_processed_te,UTILITY,te,,సమాచారం: {{1}} రీఫండ్ మీ అసలు చెల్లింపు పద్ధతికి ప్రాసెస్ చేయబడింది. రిఫరెన్స్: {{2}}. ఇది సాధారణంగా {{3}} పని దినాల్లో అందుతుంది.,సమాచారం: {{amount}} రీఫండ్ మీ అసలు చెల్లింపు పద్ధతికి ప్రాసెస్ చేయబడింది. రిఫరెన్స్: {{reference}}. ఇది సాధారణంగా {{expected_days}} పని దినాల్లో అందుతుంది.,{{1}} = ₹501 | {{2}} = rfnd_9XyZ12 | {{3}} = 5-7,,,,
pp_puja_rescheduled_en,UTILITY,en,,"Update: {{1}}, planned for {{2}}, cannot take place that day. It is moved to {{3}}. Reply Accept to keep your booking, or Refund for a full refund. If we do not hear back in 48 hours, your booking moves to the new date.","Update: {{puja}}, planned for {{old_date}}, cannot take place that day. It is moved to {{new_date}}. Reply Accept to keep your booking, or Refund for a full refund. If we do not hear back in 48 hours, your booking moves to the new date.",{{1}} = Rudrabhishekam | {{2}} = 8 Oct 2026 | {{3}} = 15 Oct 2026,Quick reply,Accept | Refund,,
pp_puja_rescheduled_hi,UTILITY,hi,,"सूचना: {{2}} को निर्धारित {{1}} उस दिन नहीं हो पाएगी। इसे {{3}} पर स्थानांतरित किया गया है। बुकिंग रखने के लिए Accept, या पूरा रिफ़ंड पाने के लिए Refund चुनें। 48 घंटे में उत्तर न मिलने पर बुकिंग नई तारीख पर चली जाएगी।","सूचना: {{old_date}} को निर्धारित {{puja}} उस दिन नहीं हो पाएगी। इसे {{new_date}} पर स्थानांतरित किया गया है। बुकिंग रखने के लिए Accept, या पूरा रिफ़ंड पाने के लिए Refund चुनें। 48 घंटे में उत्तर न मिलने पर बुकिंग नई तारीख पर चली जाएगी।",{{1}} = Rudrabhishekam | {{2}} = 8 Oct 2026 | {{3}} = 15 Oct 2026,Quick reply,Accept | Refund,,
pp_puja_rescheduled_ta,UTILITY,ta,,"அறிவிப்பு: {{2}} அன்று திட்டமிடப்பட்ட {{1}} அன்று நடைபெற இயலாது. இது {{3}} க்கு மாற்றப்பட்டுள்ளது. முன்பதிவைத் தொடர Accept, முழுப் பணம் திரும்பப் பெற Refund என பதிலளிக்கவும். 48 மணி நேரத்தில் பதில் வராவிட்டால் முன்பதிவு புதிய தேதிக்கு மாறும்.","அறிவிப்பு: {{old_date}} அன்று திட்டமிடப்பட்ட {{puja}} அன்று நடைபெற இயலாது. இது {{new_date}} க்கு மாற்றப்பட்டுள்ளது. முன்பதிவைத் தொடர Accept, முழுப் பணம் திரும்பப் பெற Refund என பதிலளிக்கவும். 48 மணி நேரத்தில் பதில் வராவிட்டால் முன்பதிவு புதிய தேதிக்கு மாறும்.",{{1}} = Rudrabhishekam | {{2}} = 8 Oct 2026 | {{3}} = 15 Oct 2026,Quick reply,Accept | Refund,,
pp_puja_rescheduled_te,UTILITY,te,,"సమాచారం: {{2}}న జరగాల్సిన {{1}} ఆ రోజు జరగదు. దీన్ని {{3}}కి మార్చాము. బుకింగ్ ఉంచుకోవడానికి Accept, పూర్తి రీఫండ్ కోసం Refund ఎంచుకోండి. 48 గంటల్లో సమాధానం రాకపోతే బుకింగ్ కొత్త తేదీకి మారుతుంది.","సమాచారం: {{old_date}}న జరగాల్సిన {{puja}} ఆ రోజు జరగదు. దీన్ని {{new_date}}కి మార్చాము. బుకింగ్ ఉంచుకోవడానికి Accept, పూర్తి రీఫండ్ కోసం Refund ఎంచుకోండి. 48 గంటల్లో సమాధానం రాకపోతే బుకింగ్ కొత్త తేదీకి మారుతుంది.",{{1}} = Rudrabhishekam | {{2}} = 8 Oct 2026 | {{3}} = 15 Oct 2026,Quick reply,Accept | Refund,,
pp_seva_predebit_en,UTILITY,en,,Upcoming UPI AutoPay debit for {{1}}: {{2}} on {{3}}. Mandate reference: {{4}}. You can cancel anytime from My Subscriptions.,Upcoming UPI AutoPay debit for {{seva}}: {{amount}} on {{date}}. Mandate reference: {{mandate_reference}}. You can cancel anytime from My Subscriptions.,{{1}} = Nitya Deepa Seva | {{2}} = ₹501 | {{3}} = 8 Oct 2026 | {{4}} = MND123456,Visit website (dynamic URL),Manage seva,https://YOUR-DOMAIN.com/{{1}},https://YOUR-DOMAIN.com/en/account/subscriptions
pp_seva_predebit_hi,UTILITY,hi,,सूचना: {{1}} के लिए आगामी UPI AutoPay कटौती: {{3}} को {{2}}। मैंडेट संदर्भ: {{4}}। आप कभी भी My Subscriptions से रद्द कर सकते हैं।,सूचना: {{seva}} के लिए आगामी UPI AutoPay कटौती: {{date}} को {{amount}}। मैंडेट संदर्भ: {{mandate_reference}}। आप कभी भी My Subscriptions से रद्द कर सकते हैं।,{{1}} = Nitya Deepa Seva | {{2}} = ₹501 | {{3}} = 8 Oct 2026 | {{4}} = MND123456,Visit website (dynamic URL),सेवा प्रबंधित करें,https://YOUR-DOMAIN.com/{{1}},https://YOUR-DOMAIN.com/hi/account/subscriptions
pp_seva_predebit_ta,UTILITY,ta,,அறிவிப்பு: {{1}} க்கான வரவிருக்கும் UPI AutoPay பிடித்தம்: {{3}} அன்று {{2}}. மேண்டேட் குறிப்பு: {{4}}. My Subscriptions இல் எப்போது வேண்டுமானாலும் ரத்து செய்யலாம்.,அறிவிப்பு: {{seva}} க்கான வரவிருக்கும் UPI AutoPay பிடித்தம்: {{date}} அன்று {{amount}}. மேண்டேட் குறிப்பு: {{mandate_reference}}. My Subscriptions இல் எப்போது வேண்டுமானாலும் ரத்து செய்யலாம்.,{{1}} = Nitya Deepa Seva | {{2}} = ₹501 | {{3}} = 8 Oct 2026 | {{4}} = MND123456,Visit website (dynamic URL),சேவையை நிர்வகி,https://YOUR-DOMAIN.com/{{1}},https://YOUR-DOMAIN.com/ta/account/subscriptions
pp_seva_predebit_te,UTILITY,te,,సమాచారం: {{1}} కోసం రాబోయే UPI AutoPay డెబిట్: {{3}}న {{2}}. మాండేట్ రిఫరెన్స్: {{4}}. My Subscriptions నుండి ఎప్పుడైనా రద్దు చేయవచ్చు.,సమాచారం: {{seva}} కోసం రాబోయే UPI AutoPay డెబిట్: {{date}}న {{amount}}. మాండేట్ రిఫరెన్స్: {{mandate_reference}}. My Subscriptions నుండి ఎప్పుడైనా రద్దు చేయవచ్చు.,{{1}} = Nitya Deepa Seva | {{2}} = ₹501 | {{3}} = 8 Oct 2026 | {{4}} = MND123456,Visit website (dynamic URL),సేవ నిర్వహించండి,https://YOUR-DOMAIN.com/{{1}},https://YOUR-DOMAIN.com/te/account/subscriptions
pp_seva_payment_failed_en,UTILITY,en,,The AutoPay debit of {{3}} for {{1}} on {{2}} did not go through. Tap below to pay now and keep this date.,The AutoPay debit of {{amount}} for {{seva}} on {{date}} did not go through. Tap below to pay now and keep this date.,{{1}} = Nitya Deepa Seva | {{2}} = 8 Oct 2026 | {{3}} = ₹501,Visit website (dynamic URL),Pay now,https://YOUR-DOMAIN.com/{{1}},https://YOUR-DOMAIN.com/en/checkout/3f2a9c1e-5b7d-4e2a-9c1e-5b7d4e2a9c1e
pp_seva_payment_failed_hi,UTILITY,hi,,सूचना: {{2}} की {{1}} के लिए {{3}} की AutoPay कटौती सफल नहीं हुई। यह तारीख बनाए रखने के लिए नीचे टैप करके अभी भुगतान करें।,सूचना: {{date}} की {{seva}} के लिए {{amount}} की AutoPay कटौती सफल नहीं हुई। यह तारीख बनाए रखने के लिए नीचे टैप करके अभी भुगतान करें।,{{1}} = Nitya Deepa Seva | {{2}} = 8 Oct 2026 | {{3}} = ₹501,Visit website (dynamic URL),अभी भुगतान करें,https://YOUR-DOMAIN.com/{{1}},https://YOUR-DOMAIN.com/hi/checkout/3f2a9c1e-5b7d-4e2a-9c1e-5b7d4e2a9c1e
pp_seva_payment_failed_ta,UTILITY,ta,,அறிவிப்பு: {{2}} அன்று {{1}} க்கான {{3}} AutoPay பிடித்தம் நடைபெறவில்லை. இந்தத் தேதியைத் தக்கவைக்க கீழே தட்டி இப்போது செலுத்தவும்.,அறிவிப்பு: {{date}} அன்று {{seva}} க்கான {{amount}} AutoPay பிடித்தம் நடைபெறவில்லை. இந்தத் தேதியைத் தக்கவைக்க கீழே தட்டி இப்போது செலுத்தவும்.,{{1}} = Nitya Deepa Seva | {{2}} = 8 Oct 2026 | {{3}} = ₹501,Visit website (dynamic URL),இப்போது செலுத்துக,https://YOUR-DOMAIN.com/{{1}},https://YOUR-DOMAIN.com/ta/checkout/3f2a9c1e-5b7d-4e2a-9c1e-5b7d4e2a9c1e
pp_seva_payment_failed_te,UTILITY,te,,సమాచారం: {{2}}న {{1}} కోసం {{3}} AutoPay డెబిట్ జరగలేదు. ఈ తేదీని ఉంచుకోవడానికి క్రింద నొక్కి ఇప్పుడే చెల్లించండి.,సమాచారం: {{date}}న {{seva}} కోసం {{amount}} AutoPay డెబిట్ జరగలేదు. ఈ తేదీని ఉంచుకోవడానికి క్రింద నొక్కి ఇప్పుడే చెల్లించండి.,{{1}} = Nitya Deepa Seva | {{2}} = 8 Oct 2026 | {{3}} = ₹501,Visit website (dynamic URL),ఇప్పుడే చెల్లించండి,https://YOUR-DOMAIN.com/{{1}},https://YOUR-DOMAIN.com/te/checkout/3f2a9c1e-5b7d-4e2a-9c1e-5b7d4e2a9c1e
pp_feedback_request_en,MARKETING,en,,"Namaste {{1}}, how was your experience with {{2}}? Please rate us from 1 to 5.","Namaste {{name}}, how was your experience with {{puja}}? Please rate us from 1 to 5.",{{1}} = Lakshmi | {{2}} = Rudrabhishekam,Quick reply,1 | 2 | 3 | 4 | 5,,
pp_feedback_request_hi,MARKETING,hi,,"नमस्ते {{1}}, {{2}} के साथ आपका अनुभव कैसा रहा? कृपया हमें 1 से 5 तक रेटिंग दें।","नमस्ते {{name}}, {{puja}} के साथ आपका अनुभव कैसा रहा? कृपया हमें 1 से 5 तक रेटिंग दें।",{{1}} = Lakshmi | {{2}} = Rudrabhishekam,Quick reply,1 | 2 | 3 | 4 | 5,,
pp_feedback_request_ta,MARKETING,ta,,"வணக்கம் {{1}}, {{2}} உடனான உங்கள் அனுபவம் எப்படி இருந்தது? 1 முதல் 5 வரை மதிப்பிடவும்.","வணக்கம் {{name}}, {{puja}} உடனான உங்கள் அனுபவம் எப்படி இருந்தது? 1 முதல் 5 வரை மதிப்பிடவும்.",{{1}} = Lakshmi | {{2}} = Rudrabhishekam,Quick reply,1 | 2 | 3 | 4 | 5,,
pp_feedback_request_te,MARKETING,te,,"నమస్తే {{1}}, {{2}}తో మీ అనుభవం ఎలా ఉంది? దయచేసి 1 నుండి 5 వరకు రేటింగ్ ఇవ్వండి.","నమస్తే {{name}}, {{puja}}తో మీ అనుభవం ఎలా ఉంది? దయచేసి 1 నుండి 5 వరకు రేటింగ్ ఇవ్వండి.",{{1}} = Lakshmi | {{2}} = Rudrabhishekam,Quick reply,1 | 2 | 3 | 4 | 5,,
pp_checkout_reminder_en,MARKETING,en,,"Namaste {{1}}, your booking for {{2}} is not complete yet. Tap below to continue where you left off.","Namaste {{name}}, your booking for {{puja}} is not complete yet. Tap below to continue where you left off.",{{1}} = Lakshmi | {{2}} = Rudrabhishekam,Visit website (dynamic URL),Continue booking,https://YOUR-DOMAIN.com/{{1}},https://YOUR-DOMAIN.com/en/checkout/3f2a9c1e-5b7d-4e2a-9c1e-5b7d4e2a9c1e
pp_checkout_reminder_hi,MARKETING,hi,,"नमस्ते {{1}}, {{2}} की आपकी बुकिंग अभी पूरी नहीं हुई है। जहाँ छोड़ा था वहीं से जारी रखने के लिए नीचे टैप करें।","नमस्ते {{name}}, {{puja}} की आपकी बुकिंग अभी पूरी नहीं हुई है। जहाँ छोड़ा था वहीं से जारी रखने के लिए नीचे टैप करें।",{{1}} = Lakshmi | {{2}} = Rudrabhishekam,Visit website (dynamic URL),बुकिंग जारी रखें,https://YOUR-DOMAIN.com/{{1}},https://YOUR-DOMAIN.com/hi/checkout/3f2a9c1e-5b7d-4e2a-9c1e-5b7d4e2a9c1e
pp_checkout_reminder_ta,MARKETING,ta,,"வணக்கம் {{1}}, {{2}} க்கான உங்கள் முன்பதிவு இன்னும் முடியவில்லை. விட்ட இடத்திலிருந்து தொடர கீழே தட்டவும்.","வணக்கம் {{name}}, {{puja}} க்கான உங்கள் முன்பதிவு இன்னும் முடியவில்லை. விட்ட இடத்திலிருந்து தொடர கீழே தட்டவும்.",{{1}} = Lakshmi | {{2}} = Rudrabhishekam,Visit website (dynamic URL),முன்பதிவைத் தொடர்க,https://YOUR-DOMAIN.com/{{1}},https://YOUR-DOMAIN.com/ta/checkout/3f2a9c1e-5b7d-4e2a-9c1e-5b7d4e2a9c1e
pp_checkout_reminder_te,MARKETING,te,,"నమస్తే {{1}}, {{2}} కోసం మీ బుకింగ్ ఇంకా పూర్తి కాలేదు. ఆపిన చోట నుండి కొనసాగించడానికి క్రింద నొక్కండి.","నమస్తే {{name}}, {{puja}} కోసం మీ బుకింగ్ ఇంకా పూర్తి కాలేదు. ఆపిన చోట నుండి కొనసాగించడానికి క్రింద నొక్కండి.",{{1}} = Lakshmi | {{2}} = Rudrabhishekam,Visit website (dynamic URL),బుకింగ్ కొనసాగించండి,https://YOUR-DOMAIN.com/{{1}},https://YOUR-DOMAIN.com/te/checkout/3f2a9c1e-5b7d-4e2a-9c1e-5b7d4e2a9c1e
pp_festival_offer_en,MARKETING,en,,"For {{1}}, {{2}} is open for booking. Tap below to see the date and details.","For {{festival}}, {{puja}} is open for booking. Tap below to see the date and details.",{{1}} = Diwali | {{2}} = Rudrabhishekam,Visit website (dynamic URL),Book now,https://YOUR-DOMAIN.com/{{1}},https://YOUR-DOMAIN.com/en/pujas/1-rudrabhishekam
pp_festival_offer_hi,MARKETING,hi,,सूचना: {{1}} के अवसर पर {{2}} की बुकिंग खुली है। तारीख और विवरण देखने के लिए नीचे टैप करें।,सूचना: {{festival}} के अवसर पर {{puja}} की बुकिंग खुली है। तारीख और विवरण देखने के लिए नीचे टैप करें।,{{1}} = Diwali | {{2}} = Rudrabhishekam,Visit website (dynamic URL),अभी बुक करें,https://YOUR-DOMAIN.com/{{1}},https://YOUR-DOMAIN.com/hi/pujas/1-rudrabhishekam
pp_festival_offer_ta,MARKETING,ta,,அறிவிப்பு: {{1}} முன்னிட்டு {{2}} க்கான முன்பதிவு திறந்துள்ளது. தேதி மற்றும் விவரங்களைக் காண கீழே தட்டவும்.,அறிவிப்பு: {{festival}} முன்னிட்டு {{puja}} க்கான முன்பதிவு திறந்துள்ளது. தேதி மற்றும் விவரங்களைக் காண கீழே தட்டவும்.,{{1}} = Diwali | {{2}} = Rudrabhishekam,Visit website (dynamic URL),இப்போது பதிவு செய்க,https://YOUR-DOMAIN.com/{{1}},https://YOUR-DOMAIN.com/ta/pujas/1-rudrabhishekam
pp_festival_offer_te,MARKETING,te,,సమాచారం: {{1}} సందర్భంగా {{2}} బుకింగ్ తెరిచి ఉంది. తేదీ మరియు వివరాల కోసం క్రింద నొక్కండి.,సమాచారం: {{festival}} సందర్భంగా {{puja}} బుకింగ్ తెరిచి ఉంది. తేదీ మరియు వివరాల కోసం క్రింద నొక్కండి.,{{1}} = Diwali | {{2}} = Rudrabhishekam,Visit website (dynamic URL),ఇప్పుడే బుక్ చేయండి,https://YOUR-DOMAIN.com/{{1}},https://YOUR-DOMAIN.com/te/pujas/1-rudrabhishekam
